,1,2,3,4,5,6,7,8,9,10,11,12,13,14,15,16,17,18,19,20,21,22,23,24,25,26,27,28,29,30,31,32,33,34,35,36,37,38,39,40,41,42,43,44,45,46,47,48,49,50,51,52,53,54,55,56
1,0,16.1339,0.23233,-0.70284,0.49915,1.4691,-1.3988,10.6491,11.5298,-2.2285,0.36784,2.5168,-1.19,-0.25535,0.36903,5.8786,-1.0141,-1.7703,-0.72308,0,-1.8042,-2.9631,1.5881,1.979,1.2698,2.7027,2.4214,-1.7561,-0.036253,-0.55765,-0.063346,-1.156,-0.81322,1.3832,-0.33304,1.9137,0,-1.5808,0.054826,-1.2203,6.746,1.3223,-0.22767,-0.20214,-0.34352,-0.46637,-0.10688,-0.36065,0,-4.0441,-1.0211,0.33008,-2.192,-1.7889,-1.7518,-0.53042
2,5.676,0,0.40174,-39.9696,126.0202,-51.4739,-4.1416,-17.6444,-10.2237,-18.3654,174.3607,49.6301,5.7634,4.09,-7.621,-48.3179,-3.3087,-7.9548,-24.8745,0,-23.8278,24.4408,-8.1774,32.1833,-38.7005,-11.4498,-4.8091,-13.4285,-1.3557,7.1827,-19.5001,-19.6458,3.3349,-2.3999,48.4281,-5.6112,0,-13.9294,9.2787,5.8717,13.4805,-8.2236,-5.5258,-4.061,-0.35907,-6.1532,1.7067,7.0784,0,134.825,-25.3145,5.2858,9.0031,-8.3355,-18.9957,-8.9767
3,2.8881,6.7628,0,137.1741,12.0767,89.5691,3.1208,-1.376,-10.4541,8.4289,-3.454,14.904,-14.8171,-3.678,-16.7895,96.8715,-15.926,-11.3533,-8.3198,0,0.60981,-19.256,33.0305,0.56489,-18.158,-16.2203,0.63588,-7.2938,-1.0802,26.9739,-14.434,-14.6229,1.85,-1.9708,-13.8955,44.2983,0,-27.2696,36.4881,49.1775,-12.0617,28.2625,-3.952,-4.0328,17.7614,-5.2269,0.37577,10.4846,0,-17.2078,-24.5462,-5.6725,3.7271,-1.3401,-20.9519,-13.093
4,-2.2849,-4.8518,74.766,0,50.0116,-14.8195,-14.4935,-50.6942,-33.3288,-64.4536,-32.0008,17.9938,-15.1857,-5.0342,-6.1113,36.0295,-25.0285,-20.2643,165.5207,0,-54.6748,-29.2319,-13.763,31.7883,-6.6634,-8.4623,-9.6589,-27.131,-1.753,-9.1902,-22.4717,-6.6835,-3.6379,-6.5737,83.394,37.4691,0,-32.6952,-1.4628,36.8663,-21.3261,-31.4514,-12.8863,-9.9937,-6.0392,-1.6348,9.8229,-8.075,0,26.2533,23.9693,-9.391,143.2921,-17.4395,-5.7427,-18.702
5,2.2732,32.1448,5.777,20.3955,0,183.9793,-58.079,-116.448,46.4819,-117.4019,-98.6441,-28.7153,-81.5835,-15.3055,51.0609,-131.9261,-41.6248,148.4957,-53.6648,0,-157.0201,-130.7464,-92.855,-157.9358,-31.8132,-98.9694,-7.658,40.7386,-0.75733,3.2619,87.5006,0.50157,4.8103,59.4168,91.9721,19.6639,0,40.1387,96.4983,-7.884,54.669,2.5568,-1.4168,-0.098789,-0.93282,-19.9746,0.70377,-1.0193,0,-313.0903,-5.7595,-9.4728,234.0602,-151.6917,-49.4157,10.3879
6,3.5932,-36.16,57.2701,11.4444,265.7211,0,-21.9402,-83.5396,-21.5161,44.2263,0.87987,1.5548,-26.8571,-1.8755,-22.7194,120.7158,-63.0361,-26.2687,74.465,0,48.7951,83.2022,-58.6973,26.9887,0.51773,-27.6944,18.0575,10.9913,1.1015,0.71119,-33.8096,31.3584,-8.9873,-7.7506,-43.8327,97.538,0,-41.3277,2.8585,58.9761,-24.2353,38.3633,-19.3071,-14.5242,-3.0964,-10.3763,-4.0353,5.853,0,89.1119,-63.6412,3.4991,18.9318,-41.2514,-73.3278,-21.5766
7,-1.4863,7.3753,-3.7146,-14.5629,-22.6652,-15.5872,0,-38.556,45.2695,-6.154,-46.687,-15.9712,-30.0115,-3.1317,35.2982,-39.4478,-35.8674,90.686,-17.8569,0,-58.771,67.1014,-49.1038,-27.1368,-14.3791,-30.1568,-7.6903,29.3079,-0.92268,1.6555,-27.2338,-20.8063,-3.1353,6.3033,-0.71072,1.7467,0,-31.4604,7.3789,-16.2078,8.5512,74.0583,0.37613,-0.48383,-1.0743,-6.8801,-0.15297,-3.5394,0,-109.82,-21.9887,13.1757,34.5875,-7.6371,-17.7014,-0.61108
8,-0.38374,-5.1391,-13.8921,-35.7795,-143.8418,-56.3392,-67.0912,0,5.6788,556.8824,-180.0372,-26.6366,-25.218,-12.6027,-26.1139,-133.1954,-74.1755,-49.8025,-44.7553,0,-178.4269,-40.1459,-125.8003,-169.8057,-95.8849,-85.4494,56.9446,43.4397,-3.6036,5.649,-3.8129,2.4264,-19.0527,-5.8258,-33.7996,20.4989,0,-65.6002,40.4218,-14.2898,48.4832,24.1435,2.7436,2.4745,-2.3845,-15.2792,-2.7425,-5.1186,0,-154.1266,96.5421,-16.1349,38.1241,-83.8207,104.243,-11.035
9,1.4342,5.6015,-4.5699,-26.9785,5.486,-10.5448,27.2207,-2.019,0,-17.7872,20.2875,11.2975,-13.8258,1.164,-5.2713,131.4906,-23.1875,-15.339,-20.7435,0,-41.3483,47.984,-25.7444,-14.7253,-17.9901,-10.0077,-4.5211,-30.641,-0.796,2.523,-9.2297,-11.3279,-1.9345,2.2953,-3.3812,-14.5542,0,-14.1812,1.349,-11.0586,0.69081,-0.19684,-2.7663,-1.1369,-3.5765,-4.0622,-0.25084,0.75458,0,7.0705,-18.4207,-3.1495,12.4638,-17.2019,44.9639,-5.6295
10,-0.72638,-4.9674,7.6694,-68.6865,-117.7496,9.3958,-20.0329,494.4569,-31.964,0,32.7086,102.8885,-49.2048,-4.9371,-17.5314,-126.7006,-43.8227,-44.0246,-73.8008,0,-134.2028,-80.9379,-49.3689,-104.0513,-49.0409,-45.8581,-6.5386,-70.296,-2.4942,18.7966,-36.4243,-26.7472,4.8446,6.4217,7.3812,-16.2014,0,-61.9366,88.9732,33.1759,18.3655,41.2096,-1.4016,-1.087,0.53969,-17.9864,1.6115,4.2385,0,-157.7168,-48.2546,15.4637,65.6817,-61.2627,24.6695,-4.6947
11,-2.0419,174.2442,-1.6715,-55.2355,-109.9849,-8.8214,-24.2676,-140.0648,27.803,33.4717,0,-67.2693,-23.0603,0,-4.9452,-182.914,-5.3629,-7.4231,-40.827,0,-109.6981,-119.2272,-52.7922,-65.6505,70.6866,-22.2328,1.6548,-28.0456,2.9553,10.9039,-38.2202,4.5252,9.8201,-7.7167,28.7336,14.0385,0,-36.9201,41.8714,13.635,3.1442,-10.5358,-0.31138,-0.017016,31.8859,32.6863,-4.1061,7.6738,0,-125.7767,19.2401,2.1777,26.835,-21.5591,-17.2933,-3.0707
12,-0.85132,38.5094,26.7868,-28.0291,-23.2364,-9.9562,-14.16,-62.7175,-2.8109,105.2813,-21.2207,0,-14.8296,1.9248,3.9178,0,-21.3874,-22.2927,-36.696,0,-63.049,-23.4461,-28.9317,-26.7455,-12.4399,-21.1125,-5.3589,-27.9598,-1.8531,-1.5736,-22.8525,-4.0642,16.4419,-5.2726,26.8664,1.6405,0,-27.7028,16.5134,25.1191,-5.0366,15.8372,-4.3017,-1.7679,-3.5971,-6.7977,38.0549,-0.79411,0,45.4826,-25.0058,-2.0565,12.5106,-27.0748,0,-5.7541
13,1.6255,-5.5514,-9.614,-17.5413,-88.523,-19.6104,-12.6733,-51.289,-13.5018,-43.2592,-27.0317,-25.5292,0,-2.9118,171.0888,-43.0403,102.0572,157.0251,-27.144,0,-3.4983,-59.7468,-40.9334,-67.4544,31.7324,-43.4201,-15.7224,-16.6175,5.8173,-7.2288,-39.8785,-14.9312,-4.156,10.1366,-8.382,28.3828,0,-34.2854,8.8907,-16.0532,-8.3335,-10.2255,1.3882,-0.21257,-3.1368,18.0132,0.16654,-2.7195,0,-72.8276,32.687,-12.3146,67.3927,36.8094,-18.3983,0.91092
14,-0.31332,1.1921,-3.1158,-3.2611,-10.0504,-5.049,-1.7712,-8.4549,12.2764,7.0576,0,-5.921,-3.2177,0,1.5001,-12.7744,-2.1321,3.0393,2.5681,0,-6.7225,-6.1859,-7.8025,-0.41253,-6.0588,-0.26556,-0.54729,-2.8535,-0.27362,0.97203,-3.408,-0.25795,-1.3626,-1.1428,1.3145,-0.48987,0,-5.5531,16.5544,0.87441,-2.6632,1.2577,-0.3366,-0.091396,-0.63932,0.815,-0.5033,-1.1509,0,-8.4466,-1.9072,-0.87123,-0.29404,2.1314,0,-1.265
15,-0.7604,-11.6648,-15.4618,-8.8896,130.2799,-18.6837,107.3531,-35.3138,-4.5007,-12.5017,-13.0367,12.1259,301.9093,-4.8276,0,-41.4525,398.1209,-6.3296,-28.1248,0,1.7024,4.1966,-27.4859,-24.9878,-53.8502,166.9333,-12.2948,-46.8042,-1.1415,-4.2802,-48.5179,-6.095,-9.9692,22.2342,-28.2529,-33.9601,0,-33.5623,4.6437,-13.9453,2.7281,-37.4891,1.098,0,-1.9645,-6.6413,1.6193,-1.5206,0,81.27,-13.1524,7.2573,-81.2445,209.606,-17.6623,0.34079
16,24.3756,-17.7206,80.5969,29.1829,-139.8707,31.4244,65.87,-134.1643,185.8493,-75.7304,-167.9103,0,-43.3564,-10.7669,-27.358,0,33.1432,-39.0517,0,0,-128.9543,-122.8266,-70.4855,-70.7971,408.1269,-46.9101,56.058,-87.3857,-1.2089,0.13061,-48.4435,-38.7158,0.16088,-8.6526,82.5979,68.6485,0,-36.885,-20.2766,81.9938,3.6891,-82.4279,-4.4628,-3.461,-5.9999,36.7951,-5.673,3.7412,0,-58.1106,82.8162,-14.3398,-20.5636,-61.0333,-5.8834,-22.0308
17,0.76782,1.9177,-12.7778,-19.2803,27.1627,-44.3082,-40.2209,-38.3604,-11.3731,-32.4499,-3.1115,-28.3,97.6838,-3.4421,225.1377,16.1881,0,506.9503,-24.7785,0,-67.4916,-42.4573,-44.069,-15.0501,-34.5268,-32.8543,-10.9094,-33.5423,-1.2054,3.1762,-50.9484,-39.021,-13.2169,-4.5422,1.9095,-34.9476,0,-64.1223,32.0106,-33.3217,6.7919,-21.4883,-1.3429,-0.041485,-5.2629,-10.5162,-0.43867,7.5199,0,-144.9984,-27.9507,-0.56315,68.673,-45.1699,-36.5276,3.1204
18,1.9277,-1.9142,-14.49,-27.3801,92.7912,-20.1078,92.8268,-32.5743,-0.65111,-25.2578,-12.4732,-15.0346,106.4715,2.2675,130.2513,-45.6265,390.1415,0,-18.0785,0,-18.0551,13.7137,-30.423,-38.7894,-27.6929,39.1406,-8.2934,4.8592,-1.5015,3.4455,-16.6744,-17.5778,7.7447,-8.9225,-28.3026,-38.3934,0,-31.6644,13.6452,-25.006,44.4862,-4.1582,-2.5121,0.25919,-2.9258,-14.5745,-0.070389,-1.0013,0,9.8683,-33.293,-12.3302,-71.1428,135.6687,-24.0714,2.4418
19,2.5358,-37.3092,16.2523,133.8845,-87.7371,135.993,-29.8013,-79.2735,-35.0234,-82.0916,-3.1095,-62.5802,-29.0355,-1.8276,-5.129,0,-28.5861,-29.4085,0,0,-13.7127,-58.9537,6.7769,-31.6918,139.2424,-16.0707,65.1931,-54.9329,-0.88642,-0.31148,-35.286,-32.1007,13.7104,-4.984,124.4849,38.4623,0,-56.8645,-10.3533,60.5538,-10.5487,-64.0519,-1.229,-2.5042,-5.5118,20.975,-2.8282,2.9597,0,57.1631,76.2249,-10.7166,-25.2456,-39.9308,-72.1871,2.2716
20,0,0,0,0,0,0,0,0,0,0,0,0,0,0,0,0,0,0,0,0,0,0,0,0,0,0,0,0,0,0,0,0,0,0,0,0,0,0,0,0,0,0,0,0,0,0,0,0,0,0,0,0,0,0,0,0
21,-3.1498,-14.7621,-3.3226,-44.3234,-185.4118,72.6909,-59.5547,-89.9673,-47.3171,-126.8227,-95.4131,-60.2304,-9.7815,-11.5618,-10.5986,-105.6823,-39.0191,6.5569,-5.0241,0,0,-118.5688,-65.3068,-81.5867,89.8715,56.8585,-10.2351,21.4447,-3.3551,4.3361,139.9129,33.1229,-11.3009,-8.0132,-2.4128,-19.3206,0,111.3184,16.4316,-2.6563,4.8493,33.1868,-0.20108,-0.15594,-7.2651,-14.7092,-2.9304,-7.9565,0,-226.6679,116.4966,-7.3286,37.9037,-40.5606,-62.9181,-5.0639
22,-1.9035,10.8587,7.8537,-33.9069,-112.1024,30.7962,25.6265,-6.3003,-26.4975,-59.4638,-89.3399,-20.7332,-6.4348,-9.5304,-8.889,-90.5364,7.6686,24.2365,-42.4328,0,-72.8945,0,-31.4095,-138.6639,80.4002,-21.9821,22.4797,109.1855,-2.3706,-13.78,0.47031,93.7421,-3.6288,-5.806,79.3942,-24.2102,0,47.8985,-8.0924,-16.8893,10.9252,-7.7592,-1.0616,-0.94516,-0.67448,5.6916,-0.96743,-1.1756,0,0,-40.7714,-18.6649,-40.3966,-108.061,-48.2402,-0.95711
23,-1.9505,-27.2338,-15.2245,-14.6891,-157.8168,-56.4701,-49.5,-129.4903,-31.6905,-60.7735,-109.8494,-48.3365,-55.7687,-9.7669,-2.2132,-62.8604,-21.8959,-20.0472,-47.8509,0,-31.175,5.4527,0,38.354,3.9796,30.4558,30.8627,-61.6248,0.35378,-7.5379,-60.8776,115.6708,-10.7044,3.6654,43.3974,-1.9629,0,6.0052,11.5431,0.55974,-13.0789,18.7925,-2.1768,-0.14608,-4.3077,47.9922,-2.1702,-6.3898,0,-12.1205,36.298,-11.4933,-6.1598,38.1317,-45.1654,-9.719
24,1.1265,11.8294,1.0012,26.1671,-144.7157,23.8463,-22.168,-94.3931,-27.0943,-71.2996,-40.6115,-27.3403,-50.2476,11.889,-15.0498,-79.6285,-74.3929,-32.9905,-18.0076,0,-72.657,-66.8804,-21.0058,0,14.1311,-10.9176,2.8021,103.8533,0.91146,-10.7464,247.6126,95.0174,-4.0437,-7.3808,-15.2506,33.8117,0,21.0856,-12.8377,-9.0471,1.1798,-34.6958,-0.073736,-0.59863,-4.2169,-5.9404,0.01562,-3.4311,0,-175.5352,77.1727,-10.3827,-64.6673,-26.8578,-2.7824,0.22717
25,-0.55589,-40.7434,-30.3356,5.8955,-50.4947,4.414,39.4722,-101.9334,-43.6923,-78.3559,45.2525,30.3349,-10.9398,-4.7217,-46.0752,433.4519,-44.6751,-42.8072,80.704,0,103.4056,136.3601,45.86,30.5681,0,4.4723,50.9287,46.5575,0,-5.3804,-61.8347,-58.9219,-11.3419,0.31498,24.84,-32.6352,0,-34.7552,-18.0823,33.7542,-9.9801,-50.3593,-0.98882,-1.5424,-9.4553,-12.4055,0.34218,-11.8128,0,34.967,-136.0802,-3.9603,-32.5765,-27.779,79.1466,-11.7564
26,-1.3331,-2.3482,-12.055,-12.7332,-93.9951,-19.5594,-8.5059,-62.481,-11.3037,-50.9745,-27.7815,-13.6128,-23.8672,-1.4097,265.6029,-33.9025,-32.362,21.3156,-19.6662,0,-51.592,-52.7483,-10.0568,-10.1706,-12.9294,0,-2.2197,-19.2813,-1.2952,2.6795,-38.5975,-20.6625,-11.1878,-4.0982,-10.685,-10.6118,0,-67.4426,-16.5017,-14.0739,7.1318,-2.9089,-0.24608,-0.19084,-0.765,-9.7467,-0.26198,-0.79505,0,84.0893,-9.4802,3.7848,-21.3843,144.3787,-20.393,-0.97774
27,-0.835,3.1574,8.7026,-16.3693,1.8652,18.5814,-6.8029,38.6153,-5.191,-18.6798,2.6039,4.7744,-17.8924,3.0041,-9.4519,66.3305,-17.6219,-8.7858,80.9218,0,-11.131,-4.7478,43.2677,27.2265,99.0307,-7.5658,0,-13.6241,-0.60681,0.55781,-19.8854,8.7795,51.9314,-3.6969,12.023,21.9408,0,-5.1608,-7.2866,112.4701,9.336,-6.4155,-0.69206,-0.86311,13.7571,25.9829,0.15989,-0.28933,0,17.1336,39.7415,-3.9868,-12.7105,43.3992,-17.5526,-2.7869
28,-1.1475,-5.7152,-12.3556,-26.4846,124.5417,-1.9002,32.7358,-5.5109,-33.6263,-77.561,-64.6212,-45.7423,19.2425,-4.8237,-25.1113,-87.6242,-33.0029,-6.5551,-58.6257,0,50.7162,143.0883,-118.5623,-10.4771,14.0759,-42.911,-5.1189,0,6.0263,-13.1486,-107.264,39.6423,-8.0289,-0.32283,18.6069,-23.8292,0,65.6636,-9.1263,-8.9673,-13.749,-36.8547,-1.0991,-0.38187,-10.2756,-10.1617,1.5028,-4.5928,0,24.7464,57.7205,8.8512,-61.1541,10.8906,25.1884,1.6584
29,-0.047002,-1.4113,0.033022,-0.69379,-2.404,6.6096,-1.1259,-1.7758,-0.969,-0.8018,2.5841,-1.9248,1.6725,-0.28912,-0.87444,3.3005,-1.41,-1.6631,-0.6168,0,-2.8728,-3.1365,-1.8644,1.0789,0,-1.6341,-0.44358,3.8472,0,-0.31902,-2.3473,-2.0874,-0.42288,-0.1965,-1.1241,-1.3934,0,-1.6747,-0.75898,-0.81939,-0.45938,-2.3237,-0.058816,-0.045613,-0.32612,0.65008,-0.15009,-0.22668,0,-0.65324,0,0.67723,-1.6578,1.558,-1.9834,-0.28961
30,-0.65009,-0.12562,13.3449,-1.5907,11.7697,5.4045,5.2335,15.0008,4.0996,19.6242,5.763,-2.1394,-7.3512,2.0233,4.9191,-8.9204,4.6668,2.505,3.4096,0,-9.2951,-19.2905,-3.807,-13.0298,-0.92689,7.9639,-1.2041,-14.3011,-0.28685,0,-16.2279,-10.4547,81.8319,-2.3517,29.223,48.3969,0,-14.6777,12.3081,119.5228,18.07,1.0707,-0.59678,5.1085,41.7772,3.8276,2.3614,12.8235,0,-5.3001,-8.3693,-3.7882,20.2921,-15.0779,-4.7,7.326
31,-1.3532,-21.9919,-12.6825,-19.261,72.4176,-27.4159,-30.0136,20.7161,-12.6133,-44.8032,-50.9106,-24.4362,-39.9365,-3.5718,-36.2412,-61.0535,-53.8364,-11.6161,-29.6296,0,131.4576,-18.1046,-61.3799,260.029,-65.2847,-38.3792,-18.8271,-107.5397,-0.30407,-15.7153,0,336.71,-10.153,-5.3316,-25.1454,-31.4452,0,0,-22.3977,-12.8043,-7.5025,-23.5402,-0.6527,-0.22678,-3.4823,18.2829,-0.31132,-3.3214,0,-92.8755,-51.2922,-3.7578,-57.4208,-65.1439,-25.3633,-1.1619
32,-1.3387,-18.5648,-6.8865,-16.4385,-11.9379,28.1722,-13.3038,56.7262,-11.6655,-29.8741,-5.5826,-2.4691,-13.0264,-0.074668,-7.8008,-35.5412,-36.5768,-9.0989,-19.3287,0,62.8987,108.7013,62.2663,74.3259,-29.5443,-39.7112,10.3554,6.3027,-0.86436,-9.3782,26.2849,0,-6.2876,-3.9723,-18.8425,-13.094,0,320.2186,-11.2451,-0.78785,-8.3787,-20.8291,-1.0061,-0.78028,-6.4422,38.3324,0.47148,1.3494,0,104.7099,-28.5127,-3.9877,-12.9592,59.8251,20.9073,-1.4082
33,-0.87248,3.3968,2.7037,-3.9065,-3.5822,3.0424,-7.2241,-15.525,2.0219,10.9125,1.8358,17.3631,-3.7179,-1.1915,-6.7568,-5.8629,-7.6985,8.6005,43.0309,0,-18.2116,-7.9218,-6.8961,-7.1522,-7.8688,-9.681,32.4883,-4.7988,-0.34994,58.961,-8.5594,-3.8255,0,4.5646,21.0823,36.289,0,-4.4646,4.0612,123.5508,2.5784,-4.8787,5.414,-4.1076,66.7469,-0.50483,2.6715,8.0016,0,4.099,-1.8566,-2.0506,24.4734,0.1165,-7.1735,13.7783
34,8.2562,-0.22934,-3.3064,-5.9086,54.0266,-2.7131,1.1286,-3.1718,1.54,7.7216,-8.2714,-5.027,3.613,-1.1233,22.4779,-9.0258,-5.9131,-4.4662,-2.8899,0,-9.0467,-9.2231,-4.1607,-9.8071,-0.72373,-3.5048,-2.0896,-6.1809,-0.18279,-3.4676,-4.0528,-5.2203,3.3864,0,-5.1933,-0.44581,0,-6.5117,0.039497,-6.9489,6.6916,0.93171,-0.19431,-0.15069,-0.82224,-2.6576,-1.0006,-0.51122,0,101.9784,-5.1485,40.6266,1.878,30.72,-6.706,-0.35823
35,2.3456,6.3055,-14.5491,13.7819,93.0513,-26.5795,-3.5308,-52.4077,-1.319,-12.6559,-12.2871,9.7718,-3.9865,-0.27201,-0.7988,30.3391,-9.0232,-29.6132,153.2641,0,8.0123,86.6583,94.3066,3.6875,57.5581,-0.22488,10.8848,4.9054,-0.98642,33.5299,-22.1629,-22.3563,18.5429,0.32729,0,60.3865,0,-8.0987,73.5149,35.9932,14.4268,-2.8593,-0.89007,-9.0818,3.2922,0.41813,4.4433,47.355,0,95.6232,-12.0144,7.6104,67.4781,-2.7434,3.5464,1.8082
36,2.5184,-15.0473,75.3626,82.3405,22.8353,110.9477,3.1366,21.7215,39.9583,-17.7796,8.0342,-12.3593,-4.1642,0.0091064,-29.232,95.5857,-43.0839,-33.2228,40.8932,0,-15.9614,-43.7524,30.018,73.2825,-15.4514,-7.3767,74.4805,-22.4235,-1.4659,76.7446,-32.7013,-19.0235,30.8407,-2.1586,35.5608,0,0,-24.6874,21.3916,131.5984,-7.0538,3.1638,71.305,-6.1719,23.9481,70.1573,1.8606,42.9129,0,-56.0154,-18.9913,-1.3074,11.9523,-5.4045,5.5636,20.0669
37,0,0,0,0,0,0,0,0,0,0,0,0,0,0,0,0,0,0,0,0,0,0,0,0,0,0,0,0,0,0,0,0,0,0,0,0,0,0,0,0,0,0,0,0,0,0,0,0,0,0,0,0,0,0,0,0
38,-1.9401,-14.5371,-23.6484,-33.4766,-5.5278,-38.6553,-30.1977,-42.6776,-18.9504,-73.8701,-33.4387,-23.0027,-39.9901,-4.5544,-37.6923,10.1691,-66.688,-56.0081,-48.9481,0,218.5295,94.8145,11.6851,-5.9978,-61.3075,-65.4071,-20.752,-31.1595,-1.5319,-15.4519,0,18.6162,-6.5387,-5.6437,-19.7024,-22.911,0,0,-13.9872,-23.5145,-9.5909,-29.7842,-0.41923,-1.0596,-5.7488,-26.5118,-0.71774,-2.5234,0,102.2977,22.9583,4.4799,-63.7102,-44.9999,-22.2517,-1.6657
39,-1.1153,21.9994,34.3626,5.4022,114.8757,14.8802,-4.574,30.2582,5.1995,68.9672,49.9843,0.41456,-4.4351,14.6481,-2.3118,-25.7998,17.9118,14.5457,-17.269,0,10.5943,6.9464,2.48,-7.8875,-25.8162,-12.246,-3.4993,-12.3854,-0.69076,24.0557,-21.549,-10.4968,34.2702,0.12513,56.5691,47.4406,0,-8.2943,0,44.5559,41.8108,6.7498,26.1022,10.0995,69.5385,-4.9146,-2.1211,15.5192,0,5.4765,-18.4565,6.4645,118.5037,4.3201,-10.0602,32.62
40,-0.015228,6.9625,35.998,151.9151,-0.13475,54.3036,-23.7438,-3.7613,-6.2475,28.6215,7.3231,21.3439,-27.5285,5.1393,-18.4607,141.2153,-72.469,-39.7957,62.9261,0,-10.6604,-12.259,46.5083,23.5059,63.8916,-21.867,88.219,-1.4678,-1.0437,125.6593,-18.8054,3.2071,159.8382,-9.253,61.1906,168.0263,0,-27.3315,51.9894,0,46.7569,63.7391,-10.258,-3.6755,19.3529,-4.2403,-1.4771,16.2612,0,-34.5337,-21.3962,-8.3071,7.3653,60.5022,-12.6249,-15.8953
41,12.5322,9.4353,-6.5969,-19.0718,58.1104,-27.4466,-2.2059,16.5104,-1.6275,18.9742,4.8111,-2.9141,-7.5253,-1.5407,-2.095,-23.5961,67.8818,34.4864,-3.9117,0,16.0847,-4.5911,-14.9972,-1.1886,-11.7942,-3.6586,16.3502,-8.647,-0.41474,13.0457,-3.5798,-6.5021,11.2669,-2.2109,20.2003,11.6403,0,-11.9165,51.8684,10.3217,0,22.116,-3.5502,2.9201,2.0501,0.75564,3.0753,30.9447,0,22.245,-12.6197,5.3071,45.5155,3.1139,15.0006,-2.9802
42,0.86029,3.8724,31.2578,-41.6349,27.0885,26.1738,8.6475,-21.0607,8.6253,-26.9347,56.7153,16.6053,-9.8645,0.73441,-6.8285,-78.826,2.8165,-16.2321,-56.4937,0,30.1538,-19.2607,35.4472,-12.7157,-35.2995,-16.2577,2.4744,-29.7338,-2.1016,11.007,-20.1389,-12.2676,1.2964,-2.7608,1.2395,1.1205,0,-23.8327,30.915,38.5428,13.0471,0,-1.5598,-4.3118,0.19799,-16.5742,-4.826,3.1928,0,-68.2481,-32.5871,12.6274,48.4702,20.7693,75.8822,-16.317
43,-0.28792,-5.6266,-5.0701,-12.1449,5.2939,-10.1396,-0.74252,-0.3281,-3.2848,-1.5357,-1.4351,-3.3583,-0.66983,-0.34692,-0.674,-2.8605,0.46764,-2.714,-2.8554,0,-0.2264,-0.37002,-2.2504,-1.4648,-1.7026,1.6972,-0.60647,-1.1366,-0.057369,2.759,-0.6486,-1.0988,-0.76317,-0.20374,6.1186,60.4476,0,-0.432,16.4639,-6.6847,0.92328,-0.9964,0,0,4.341,3.5528,21.4642,19.2833,0,-1.6775,-0.13982,3.6658,0.33223,0.30939,-2.3799,732.5919
44,-0.2182,-4.3866,-2.0056,-5.0396,-0.12939,-10.3459,-0.49153,-0.20311,-1.1523,-1.0166,1.05,-0.52886,-0.19866,-0.080405,0,-3.2175,1.9856,-0.68316,1.1098,0,-0.14987,0.95881,-0.1289,-0.6971,-1.1271,0.79952,0.35439,-0.33708,-0.037977,4.5447,-0.19236,-0.72737,2.861,-0.13487,-10.4627,-2.6333,0,-0.93203,5.6874,-3.6709,7.3154,-0.96945,0,0,3.2398,-0.29605,13.3214,50.8832,0,-1.7724,-0.092558,-0.15902,3.2091,1.8809,-1.5754,471.3501
45,-0.52659,-5.5964,18.5723,-3.8993,16.042,-2.9195,-1.4353,-4.82,-3.5871,-1.9239,34.5634,0.3543,-0.16298,-0.79872,-0.77928,-8.8815,-0.42873,-1.1411,-6.98,0,-12.0095,-2.3126,-0.39804,-4.9345,-6.8874,-2.6166,4.493,-12.881,-0.38558,33.1322,-4.1946,-8.5283,70.4943,-1.0451,3.657,40.3221,0,-10.9278,76.4093,10.7579,6.1369,-3.8926,6.7769,1.5004,0,-1.8856,-0.0064863,6.486,0,54.1855,-9.8606,-1.493,15.5235,-3.1958,-7.0062,3.418
46,0.44203,-4.7145,1.2043,-3.3739,-15.2868,-11.5949,-3.3769,-2.1108,-6.8099,-12.9369,13.8286,-2.1836,25.62,5.8695,-7.0568,16.7869,-2.8292,-9.0291,-5.0992,0,-10.7104,4.4368,39.7177,-3.1895,-15.4522,-9.6628,27.7467,-8.0117,-1.2457,-1.3083,-10.6382,72.0489,1.9764,-2.6364,-7.4367,75.6118,0,-15.192,-5.0387,1.2339,-3.3603,-19.9929,-0.4231,-0.32813,0.52832,0,0.58564,-1.352,0,-16.3336,79.7433,-2.5494,-12.9624,38.1223,-10.6157,-1.0926
47,-0.12288,1.9596,1.9168,0.13454,2.0122,-2.8765,-1.2476,-2.4066,0.64967,-0.37164,-4.0851,21.2083,0.17039,-0.47161,-0.2586,-4.6075,-0.45508,-0.069139,-0.88172,0,-6.0705,-2.3085,-0.97965,-2.4613,-1.6253,1.7069,-2.2628,0.59228,-0.1331,-0.61609,-0.28126,0.47524,6.5763,-0.95391,35.3953,4.9816,0,-0.67241,2.9332,0.27535,8.1095,-4.7127,15.6946,21.2121,4.2451,-0.3982,0,76.4666,0,-3.9297,-3.7491,-0.49043,8.2035,-0.8074,0.15377,34.5453
48,-0.45646,0.96586,8.1804,-8.3895,12.7202,18.2209,-5.5983,-7.5095,4.3316,-4.4144,-5.9284,3.097,-2.9798,2.8129,-1.1371,-13.632,5.1678,-1.0827,-7.7709,0,-9.0923,-2.9764,-8.6802,-0.6847,-10.405,54.5573,0.23813,-3.7885,-0.22129,5.637,-1.3032,4.2889,0.64254,0.41411,52.2708,55.5676,0,-2.6023,24.1938,0.47018,31.6152,6.4936,27.2795,42.5181,-1.25,-1.4303,98.1104,0,0,-16.7932,-4.6621,-2.9694,10.9175,2.8753,0.85624,37.5406
49,0,0,0,0,0,0,0,0,0,0,0,0,0,0,0,0,0,0,0,0,0,0,0,0,0,0,0,0,0,0,0,0,0,0,0,0,0,0,0,0,0,0,0,0,0,0,0,0,0,0,0,0,0,0,0,0
50,-2.5794,151.0213,-9.6347,-4.6983,-410.0237,-21.5308,-101.4829,-124.132,-0.81986,-167.8174,-76.073,8.7463,-36.5706,-6.2352,77.3879,48.7009,-106.3913,4.7728,-26.2523,0,-122.0617,0,-68.4683,-121.6738,-62.4692,102.7178,9.4788,237.9983,3.0301,2.1989,-68.9218,116.9172,5.6371,77.5489,-3.42,-49.1111,0,159.7985,18.6375,-13.9056,19.2675,-63.7356,-2.3419,-1.8162,3.2592,2.5404,-0.78061,-14.7942,0,0,-49.8195,62.4074,-65.3074,-164.2401,15.601,-3.0478
51,-1.4472,-29.9106,-25.9751,16.5517,3.5611,-44.5968,-15.6637,69.6873,-26.8345,-59.2645,12.8291,-14.4224,-15.8732,2.1771,-10.923,93.2827,-28.4137,-36.2053,73.9974,0,134.7607,-36.5704,43.018,134.0617,-120.4823,-3.3133,-11.4463,16.353,0,-10.8216,-66.8471,-36.2689,-10.0201,-6.0499,-9.3866,-18.085,0,20.557,-21.3682,-6.2281,-13.2792,-35.3511,-0.15669,-0.12152,-9.0408,69.6056,-3.6212,-4.2204,0,-40.2682,0,1.0623,-34.043,141.8137,-29.8061,-3.7252
52,3.2336,-0.085755,-2.4802,-3.0061,-16.6209,-6.0962,20.8101,3.5002,0.24667,23.6904,-7.6115,11.8671,-6.0803,3.2554,-2.7512,-10.0384,-8.8035,-17.4591,-11.772,0,-6.8145,-23.9659,2.9009,-3.3875,-7.6828,-6.9384,-2.953,-7.6549,-0.28479,-4.6986,-3.8723,-3.8667,-0.18647,55.9548,-6.457,0.032422,0,-6.2629,-3.3665,-6.8328,3.391,29.0025,-0.30227,1.8315,-1.1141,-3.3938,1.512,-1.6839,0,50.9934,-7.0215,0,-15.3209,-0.012291,16.5584,-0.78058
53,-2.6201,13.8137,6.1433,144.8301,103.3025,17.0493,15.4172,81.3269,26.8301,73.3952,24.0511,4.9307,17.3685,11.8945,-42.65,-43.4905,121.8318,-48.6817,-21.8315,0,3.9041,-36.7607,-2.1178,-65.0938,-27.7252,-43.7893,-12.6386,-54.3084,-1.5284,16.7931,-49.6885,-14.3754,10.0442,7.0667,48.3787,-6.2414,0,-49.2688,97.0564,11.3497,40.1669,20.4326,2.4237,2.0169,6.5095,-14.9427,-0.82804,13.0889,0,-13.6273,-28.0498,8.7351,0,-33.1663,-14.0463,1.7938
54,5.1831,-5.3703,-5.1718,-25.5816,-129.989,-22.9246,-22.6372,-70.9546,-15.7085,-36.3874,-4.9521,-22.745,69.9552,-5.5133,104.5447,-57.7485,-11.4426,220.0315,-18.3749,0,-73.7054,-96.5204,-6.6908,-83.0012,-42.7913,139.9749,39.9824,-21.4724,-1.913,-6.1062,-57.5478,63.6793,-0.35639,31.2903,-6.478,-20.5766,0,-44.895,14.0357,63.4818,12.6129,2.4909,0.64223,-1.053,4.2324,21.7876,2.2868,7.4925,0,-148.4108,80.1176,12.2415,-19.3792,0,-11.9862,1.0997
55,-2.2635,-18.0584,-21.8282,-22.5661,-82.6237,-47.5955,-22.0383,91.9036,-2.5719,-23.3944,-22.3724,0,-24.886,0,-8.355,-23.629,-39.4148,-23.7135,-55.6782,0,-58.5889,-38.2567,-41.9557,-15.9974,56.6611,-18.1877,-10.402,-7.8019,-1.9767,-6.4262,-31.8437,17.4641,-9.8438,-0.25578,-5.0773,-7.5179,0,-24.4844,-4.5863,-3.3555,-4.0766,103.4898,-2.4316,-1.8858,-0.59129,-3.7847,6.9252,-2.314,0,125.7108,-26.6742,-6.794,-14.7232,-8.4148,0,-14.3627
56,0,0,0,0,0,0,0,0,0,0,0,0,0,0,0,0,0,0,0,0,0,0,0,0,0,0,0,0,0,0,0,0,0,0,0,0,0,0,0,0,0,0,0,0,0,0,0,0,0,0,0,0,0,0,0,0
